userId,foreName,surName,email
1,Victor,Skinner,victor.skinner@movies.com
2,Boris,Howard,boris.howard@movies.com
3,Richard,Avery,richard.avery@movies.com
4,Simon,Metcalfe,simon.metcalfe@movies.com
5,Robert,Black,robert.black@movies.com
6,Pippa,Lyman,pippa.lyman@movies.com
7,Gordon,Paterson,gordon.paterson@movies.com
8,Angela,Ferguson,angela.ferguson@movies.com
9,Bella,Thomson,bella.thomson@movies.com
10,Stephen,Metcalfe,stephen.metcalfe@movies.com
11,Michael,Ince,michael.ince@movies.com
12,Christopher,Gibson,christopher.gibson@movies.com
13,Lisa,Welch,lisa.welch@movies.com
14,Sophie,Allan,sophie.allan@movies.com
15,Alexander,Rutherford,alexander.rutherford@movies.com
16,Jason,Thomson,jason.thomson@movies.com
17,Adrian,Ferguson,adrian.ferguson@movies.com
18,Boris,Kelly,boris.kelly@movies.com
19,Alexandra,Bond,alexandra.bond@movies.com
20,Wanda,James,wanda.james@movies.com
21,Andrew,Ince,andrew.ince@movies.com
22,Joshua,Hudson,joshua.hudson@movies.com
23,Olivia,Nolan,olivia.nolan@movies.com
24,Thomas,Howard,thomas.howard@movies.com
25,Dorothy,Lewis,dorothy.lewis@movies.com
26,Nathan,Campbell,nathan.campbell@movies.com
27,Karen,Piper,karen.piper@movies.com
28,Edward,Buckland,edward.buckland@movies.com
29,Eric,Slater,eric.slater@movies.com
30,Liam,Short,liam.short@movies.com
31,Paul,Mitchell,paul.mitchell@movies.com
32,Karen,Langdon,karen.langdon@movies.com
33,Grace,Greene,grace.greene@movies.com
34,Penelope,Rutherford,penelope.rutherford@movies.com
35,Zoe,Simpson,zoe.simpson@movies.com
36,Leah,Randall,leah.randall@movies.com
37,Adam,Mills,adam.mills@movies.com
38,Zoe,Dyer,zoe.dyer@movies.com
39,Edward,Ross,edward.ross@movies.com
40,Dylan,Allan,dylan.allan@movies.com
41,Alison,Wilkins,alison.wilkins@movies.com
42,Dylan,Walker,dylan.walker@movies.com
43,Tracey,Lambert,tracey.lambert@movies.com
44,Simon,Lee,simon.lee@movies.com
45,Samantha,Ellison,samantha.ellison@movies.com
46,Bernadette,McGrath,bernadette.mcgrath@movies.com
47,Yvonne,MacDonald,yvonne.macdonald@movies.com
48,Oliver,Hemmings,oliver.hemmings@movies.com
49,Penelope,Scott,penelope.scott@movies.com
50,Melanie,Vance,melanie.vance@movies.com
51,Sean,May,sean.may@movies.com
52,James,Peake,james.peake@movies.com
53,Victoria,Dyer,victoria.dyer@movies.com
54,Mary,Manning,mary.manning@movies.com
55,Dorothy,Rampling,dorothy.rampling@movies.com
56,Diana,Scott,diana.scott@movies.com
57,Diane,Rampling,diane.rampling@movies.com
58,Alison,Mathis,alison.mathis@movies.com
59,Andrea,Marshall,andrea.marshall@movies.com
60,Elizabeth,Miller,elizabeth.miller@movies.com
61,Julian,Hardacre,julian.hardacre@movies.com
62,Lisa,Stewart,lisa.stewart@movies.com
63,Alexander,Powell,alexander.powell@movies.com
64,Olivia,Grant,olivia.grant@movies.com
65,Angela,Rees,angela.rees@movies.com
66,Sebastian,Lee,sebastian.lee@movies.com
67,Wendy,Ross,wendy.ross@movies.com
68,Lauren,Miller,lauren.miller@movies.com
69,Gordon,Cameron,gordon.cameron@movies.com
70,Diane,Avery,diane.avery@movies.com
71,Anthony,Hodges,anthony.hodges@movies.com
72,Amanda,Parsons,amanda.parsons@movies.com
73,Alan,Kerr,alan.kerr@movies.com
74,Joan,Roberts,joan.roberts@movies.com
75,Kimberly,Butler,kimberly.butler@movies.com
76,Bernadette,Tucker,bernadette.tucker@movies.com
77,Brandon,McDonald,brandon.mcdonald@movies.com
78,Fiona,Mills,fiona.mills@movies.com
79,John,Reid,john.reid@movies.com
80,Jessica,Hodges,jessica.hodges@movies.com
81,Maria,Johnston,maria.johnston@movies.com
82,Joshua,Ince,joshua.ince@movies.com
83,Wendy,Harris,wendy.harris@movies.com
84,Bella,Abraham,bella.abraham@movies.com
85,Angela,Howard,angela.howard@movies.com
86,Richard,Rampling,richard.rampling@movies.com
87,Gabrielle,Rampling,gabrielle.rampling@movies.com
88,Dan,Reid,dan.reid@movies.com
89,Neil,Vaughan,neil.vaughan@movies.com
90,Jason,Parsons,jason.parsons@movies.com
91,Amanda,Nolan,amanda.nolan@movies.com
92,Emma,Campbell,emma.campbell@movies.com
93,John,North,john.north@movies.com
94,Alexander,Slater,alexander.slater@movies.com
95,Ava,Hart,ava.hart@movies.com
96,Anne,Sharp,anne.sharp@movies.com
97,Sarah,Graham,sarah.graham@movies.com
98,Anne,Springer,anne.springer@movies.com
99,Nicola,Edmunds,nicola.edmunds@movies.com
100,Michael,Russell,michael.russell@movies.com
101,Audrey,Glover,audrey.glover@movies.com
102,Lillian,Tucker,lillian.tucker@movies.com
103,Audrey,Forsyth,audrey.forsyth@movies.com
104,Michael,Lee,michael.lee@movies.com
105,Sean,Howard,sean.howard@movies.com
106,Amy,McGrath,amy.mcgrath@movies.com
107,Keith,Rampling,keith.rampling@movies.com
108,Theresa,Fisher,theresa.fisher@movies.com
109,Rebecca,Manning,rebecca.manning@movies.com
110,Julian,Arnold,julian.arnold@movies.com
111,Christian,McLean,christian.mclean@movies.com
112,Brian,Sutherland,brian.sutherland@movies.com
113,Eric,Terry,eric.terry@movies.com
114,Phil,Poole,phil.poole@movies.com
115,Alexander,Kelly,alexander.kelly@movies.com
116,Jane,Ball,jane.ball@movies.com
117,Abigail,Stewart,abigail.stewart@movies.com
118,John,Manning,john.manning@movies.com
119,James,Rampling,james.rampling@movies.com
120,Brandon,Hughes,brandon.hughes@movies.com
121,Adam,Robertson,adam.robertson@movies.com
122,Gabrielle,Fraser,gabrielle.fraser@movies.com
123,Jason,Hughes,jason.hughes@movies.com
124,Isaac,Murray,isaac.murray@movies.com
125,Owen,Terry,owen.terry@movies.com
126,Dominic,Walsh,dominic.walsh@movies.com
127,David,Davies,david.davies@movies.com
128,Warren,Ogden,warren.ogden@movies.com
129,Jacob,Simpson,jacob.simpson@movies.com
130,Joseph,Cameron,joseph.cameron@movies.com
131,Benjamin,Newman,benjamin.newman@movies.com
132,Megan,Hughes,megan.hughes@movies.com
133,Piers,Knox,piers.knox@movies.com
134,Eric,Hudson,eric.hudson@movies.com
135,Lisa,Pullman,lisa.pullman@movies.com
136,Sue,Russell,sue.russell@movies.com
137,Piers,Scott,piers.scott@movies.com
138,Melanie,Abraham,melanie.abraham@movies.com
139,Diane,Edmunds,diane.edmunds@movies.com
140,Olivia,Hart,olivia.hart@movies.com
141,Sophie,MacDonald,sophie.macdonald@movies.com
142,Fiona,Ball,fiona.ball@movies.com
143,Alexander,Anderson,alexander.anderson@movies.com
144,Angela,Martin,angela.martin@movies.com
145,Bernadette,Davidson,bernadette.davidson@movies.com
146,Diana,McGrath,diana.mcgrath@movies.com
147,Kimberly,Scott,kimberly.scott@movies.com
148,Abigail,Smith,abigail.smith@movies.com
149,David,James,david.james@movies.com
150,Sarah,Alsop,sarah.alsop@movies.com
151,Benjamin,Baker,benjamin.baker@movies.com
152,Jennifer,Roberts,jennifer.roberts@movies.com
153,Yvonne,Nolan,yvonne.nolan@movies.com
154,Andrea,Ball,andrea.ball@movies.com
155,Eric,Bond,eric.bond@movies.com
156,Carolyn,Davies,carolyn.davies@movies.com
157,John,Martin,john.martin@movies.com
158,Hannah,Marshall,hannah.marshall@movies.com
159,Samantha,Murray,samantha.murray@movies.com
160,Virginia,Anderson,virginia.anderson@movies.com
161,Max,May,max.may@movies.com
162,Warren,Paterson,warren.paterson@movies.com
163,Christopher,Henderson,christopher.henderson@movies.com
164,Sarah,Anderson,sarah.anderson@movies.com
165,Melanie,Paige,melanie.paige@movies.com
166,Hannah,Oliver,hannah.oliver@movies.com
167,Emily,Terry,emily.terry@movies.com
168,Amanda,Walsh,amanda.walsh@movies.com
169,Tracey,MacDonald,tracey.macdonald@movies.com
170,Diana,Dowd,diana.dowd@movies.com
171,Madeleine,White,madeleine.white@movies.com
172,Peter,Taylor,peter.taylor@movies.com
173,Amanda,May,amanda.may@movies.com
174,Gordon,Piper,gordon.piper@movies.com
175,Brandon,Sharp,brandon.sharp@movies.com
176,Evan,Smith,evan.smith@movies.com
177,Harry,Robertson,harry.robertson@movies.com
178,Amelia,Hunter,amelia.hunter@movies.com
179,Chloe,Taylor,chloe.taylor@movies.com
180,Michelle,Peake,michelle.peake@movies.com
181,John,Hughes,john.hughes@movies.com
182,Leonard,Robertson,leonard.robertson@movies.com
183,Tracey,Peters,tracey.peters@movies.com
184,William,Cornish,william.cornish@movies.com
185,Benjamin,Sutherland,benjamin.sutherland@movies.com
186,Benjamin,Lyman,benjamin.lyman@movies.com
187,Hannah,Cameron,hannah.cameron@movies.com
188,Liam,Hamilton,liam.hamilton@movies.com
189,Anna,Hardacre,anna.hardacre@movies.com
190,Karen,Davies,karen.davies@movies.com
191,Penelope,Paterson,penelope.paterson@movies.com
192,Donna,Anderson,donna.anderson@movies.com
193,William,Wilkins,william.wilkins@movies.com
194,Warren,Sharp,warren.sharp@movies.com
195,Sebastian,Gray,sebastian.gray@movies.com
196,Isaac,Walsh,isaac.walsh@movies.com
197,Julia,Wilson,julia.wilson@movies.com
198,Edward,Black,edward.black@movies.com
199,Rebecca,Dickens,rebecca.dickens@movies.com
200,Trevor,Mitchell,trevor.mitchell@movies.com
201,Harry,Lewis,harry.lewis@movies.com
202,Richard,Coleman,richard.coleman@movies.com
203,Andrea,Bond,andrea.bond@movies.com
204,Christopher,Payne,christopher.payne@movies.com
205,Kimberly,Turner,kimberly.turner@movies.com
206,Emma,Sanderson,emma.sanderson@movies.com
207,Melanie,Mathis,melanie.mathis@movies.com
208,Warren,Robertson,warren.robertson@movies.com
209,James,MacDonald,james.macdonald@movies.com
210,Lauren,Hunter,lauren.hunter@movies.com
211,Rachel,Quinn,rachel.quinn@movies.com
212,Amelia,Berry,amelia.berry@movies.com
213,Michelle,Butler,michelle.butler@movies.com
214,Madeleine,Marshall,madeleine.marshall@movies.com
215,Angela,Hardacre,angela.hardacre@movies.com
216,Ryan,McGrath,ryan.mcgrath@movies.com
217,Sally,Hamilton,sally.hamilton@movies.com
218,Rebecca,Russell,rebecca.russell@movies.com
219,Isaac,Morgan,isaac.morgan@movies.com
220,Diane,King,diane.king@movies.com
221,Julia,Mills,julia.mills@movies.com
222,Jonathan,Ogden,jonathan.ogden@movies.com
223,Claire,Wilkins,claire.wilkins@movies.com
224,Adrian,Murray,adrian.murray@movies.com
225,Stewart,Watson,stewart.watson@movies.com
226,Sean,Rampling,sean.rampling@movies.com
227,Rachel,Miller,rachel.miller@movies.com
228,Victor,Murray,victor.murray@movies.com
229,David,Pullman,david.pullman@movies.com
230,Una,Henderson,una.henderson@movies.com
231,Diana,Gibson,diana.gibson@movies.com
232,Olivia,Piper,olivia.piper@movies.com
233,Michelle,Morgan,michelle.morgan@movies.com
234,Nathan,Burgess,nathan.burgess@movies.com
235,Faith,Payne,faith.payne@movies.com
236,Nathan,Forsyth,nathan.forsyth@movies.com
237,Felicity,Vance,felicity.vance@movies.com
238,Alexander,Bell,alexander.bell@movies.com
239,Theresa,Rutherford,theresa.rutherford@movies.com
240,Ava,Graham,ava.graham@movies.com
241,Sonia,Davies,sonia.davies@movies.com
242,Boris,Russell,boris.russell@movies.com
243,Vanessa,Lee,vanessa.lee@movies.com
244,Nicholas,Johnston,nicholas.johnston@movies.com
245,Rebecca,Wilkins,rebecca.wilkins@movies.com
246,Rebecca,Young,rebecca.young@movies.com
247,Theresa,Lewis,theresa.lewis@movies.com
248,Alexander,Turner,alexander.turner@movies.com
249,Keith,Simpson,keith.simpson@movies.com
250,Jasmine,Coleman,jasmine.coleman@movies.com
251,Angela,Morgan,angela.morgan@movies.com
252,Natalie,Ball,natalie.ball@movies.com
253,Molly,Parsons,molly.parsons@movies.com
254,Charles,Nash,charles.nash@movies.com
255,Joan,Bond,joan.bond@movies.com
256,Faith,Ross,faith.ross@movies.com
257,Steven,Harris,steven.harris@movies.com
258,Vanessa,Parsons,vanessa.parsons@movies.com
259,Madeleine,Gray,madeleine.gray@movies.com
260,Audrey,MacLeod,audrey.macleod@movies.com
261,Thomas,Gibson,thomas.gibson@movies.com
262,Amy,Davidson,amy.davidson@movies.com
263,Thomas,Parsons,thomas.parsons@movies.com
264,Jacob,Gibson,jacob.gibson@movies.com
265,Elizabeth,Poole,elizabeth.poole@movies.com
266,Diane,Ferguson,diane.ferguson@movies.com
267,Boris,Stewart,boris.stewart@movies.com
268,Peter,Arnold,peter.arnold@movies.com
269,Irene,Vance,irene.vance@movies.com
270,Heather,Davidson,heather.davidson@movies.com
271,Abigail,Clarkson,abigail.clarkson@movies.com
272,Sue,Hill,sue.hill@movies.com
273,Amanda,Piper,amanda.piper@movies.com
274,Amy,Scott,amy.scott@movies.com
275,Jan,Davidson,jan.davidson@movies.com
276,Donna,Dyer,donna.dyer@movies.com
277,Owen,Glover,owen.glover@movies.com
278,Theresa,Terry,theresa.terry@movies.com
279,Julia,Russell,julia.russell@movies.com
280,Rachel,Clarkson,rachel.clarkson@movies.com
281,Simon,Fisher,simon.fisher@movies.com
282,Joe,Smith,joe.smith@movies.com
283,Brian,Ellison,brian.ellison@movies.com
284,Lauren,Morrison,lauren.morrison@movies.com
285,Luke,Wallace,luke.wallace@movies.com
286,Jack,Simpson,jack.simpson@movies.com
287,Pippa,Morrison,pippa.morrison@movies.com
288,Dominic,Lyman,dominic.lyman@movies.com
289,Jack,Walsh,jack.walsh@movies.com
290,Keith,Slater,keith.slater@movies.com
291,Carl,Martin,carl.martin@movies.com
292,James,Brown,james.brown@movies.com
293,James,Walker,james.walker@movies.com
294,Lily,Hamilton,lily.hamilton@movies.com
295,Amanda,Arnold,amanda.arnold@movies.com
296,Charles,Edmunds,charles.edmunds@movies.com
297,Max,Ogden,max.ogden@movies.com
298,Sarah,Ross,sarah.ross@movies.com
299,Bella,Piper,bella.piper@movies.com
300,Alexander,Lewis,alexander.lewis@movies.com
301,Nicola,Gibson,nicola.gibson@movies.com
302,Deirdre,Turner,deirdre.turner@movies.com
303,Colin,Fisher,colin.fisher@movies.com
304,Emily,Wallace,emily.wallace@movies.com
305,Joan,Thomson,joan.thomson@movies.com
306,Owen,Parsons,owen.parsons@movies.com
307,Wendy,White,wendy.white@movies.com
308,Elizabeth,Watson,elizabeth.watson@movies.com
309,Victoria,Alsop,victoria.alsop@movies.com
310,Dorothy,Clarkson,dorothy.clarkson@movies.com
311,Frank,Bell,frank.bell@movies.com
312,Sebastian,Cornish,sebastian.cornish@movies.com
313,Eric,Metcalfe,eric.metcalfe@movies.com
314,Jack,Miller,jack.miller@movies.com
315,Elizabeth,Peters,elizabeth.peters@movies.com
316,Alexander,Young,alexander.young@movies.com
317,Diana,Chapman,diana.chapman@movies.com
318,Wanda,Peake,wanda.peake@movies.com
319,Stewart,Ogden,stewart.ogden@movies.com
320,Anna,Langdon,anna.langdon@movies.com
321,Ava,Hughes,ava.hughes@movies.com
322,Lauren,Slater,lauren.slater@movies.com
323,Samantha,Berry,samantha.berry@movies.com
324,Gavin,Knox,gavin.knox@movies.com
325,Robert,Turner,robert.turner@movies.com
326,Amelia,McDonald,amelia.mcdonald@movies.com
327,David,Forsyth,david.forsyth@movies.com
328,Rebecca,Watson,rebecca.watson@movies.com
329,Ava,Hardacre,ava.hardacre@movies.com
330,Ava,Bower,ava.bower@movies.com
331,Claire,Grant,claire.grant@movies.com
332,Gavin,Wallace,gavin.wallace@movies.com
333,Piers,Nolan,piers.nolan@movies.com
334,Julia,Alsop,julia.alsop@movies.com
335,Melanie,Metcalfe,melanie.metcalfe@movies.com
336,Jessica,Morgan,jessica.morgan@movies.com
337,Dominic,Underwood,dominic.underwood@movies.com
338,Harry,Blake,harry.blake@movies.com
339,Chloe,Nolan,chloe.nolan@movies.com
340,Gabrielle,Slater,gabrielle.slater@movies.com
341,Benjamin,Dickens,benjamin.dickens@movies.com
342,Alexander,Hardacre,alexander.hardacre@movies.com
343,Trevor,Clarkson,trevor.clarkson@movies.com
344,Trevor,Abraham,trevor.abraham@movies.com
345,Edward,Powell,edward.powell@movies.com
346,Simon,King,simon.king@movies.com
347,Luke,Harris,luke.harris@movies.com
348,Tracey,Short,tracey.short@movies.com
349,Carol,Graham,carol.graham@movies.com
350,Jennifer,Hughes,jennifer.hughes@movies.com
351,Theresa,Glover,theresa.glover@movies.com
352,Stephen,Rampling,stephen.rampling@movies.com
353,Colin,Wallace,colin.wallace@movies.com
354,Alexander,Duncan,alexander.duncan@movies.com
355,Yvonne,Anderson,yvonne.anderson@movies.com
356,Caroline,Hamilton,caroline.hamilton@movies.com
357,Jake,Underwood,jake.underwood@movies.com
358,Bernadette,Ellison,bernadette.ellison@movies.com
359,Leah,Hudson,leah.hudson@movies.com
360,Jan,Wilkins,jan.wilkins@movies.com
361,Ruth,Russell,ruth.russell@movies.com
362,Lisa,Hardacre,lisa.hardacre@movies.com
363,Theresa,Henderson,theresa.henderson@movies.com
364,Mary,Abraham,mary.abraham@movies.com
365,Tracey,Vaughan,tracey.vaughan@movies.com
366,Lillian,May,lillian.may@movies.com
367,Amanda,Murray,amanda.murray@movies.com
368,Luke,Sanderson,luke.sanderson@movies.com
369,Anthony,Buckland,anthony.buckland@movies.com
370,Ava,Berry,ava.berry@movies.com
371,Luke,Hughes,luke.hughes@movies.com
372,Jan,Hemmings,jan.hemmings@movies.com
373,Julia,MacDonald,julia.macdonald@movies.com
374,Piers,Clark,piers.clark@movies.com
375,Michael,Hodges,michael.hodges@movies.com
376,Austin,Tucker,austin.tucker@movies.com
377,Ryan,Ross,ryan.ross@movies.com
378,Karen,Oliver,karen.oliver@movies.com
379,Lucas,Chapman,lucas.chapman@movies.com
380,Ryan,Ball,ryan.ball@movies.com
381,Peter,Nash,peter.nash@movies.com
382,Stephen,Mackenzie,stephen.mackenzie@movies.com
383,Piers,Payne,piers.payne@movies.com
384,David,Vance,david.vance@movies.com
385,Bella,Gray,bella.gray@movies.com
386,Joe,Paterson,joe.paterson@movies.com
387,Una,Campbell,una.campbell@movies.com
388,Thomas,Nash,thomas.nash@movies.com
389,Carl,North,carl.north@movies.com
390,Leah,Dyer,leah.dyer@movies.com
391,Anthony,Springer,anthony.springer@movies.com
392,Audrey,Ball,audrey.ball@movies.com
393,Stephanie,Dowd,stephanie.dowd@movies.com
394,Anthony,Newman,anthony.newman@movies.com
395,Neil,Roberts,neil.roberts@movies.com
396,Tim,Sharp,tim.sharp@movies.com
397,Rose,Peters,rose.peters@movies.com
398,Luke,MacLeod,luke.macleod@movies.com
399,Andrea,Smith,andrea.smith@movies.com
400,Justin,MacDonald,justin.macdonald@movies.com
401,Amy,Ogden,amy.ogden@movies.com
402,Bernadette,Hughes,bernadette.hughes@movies.com
403,Ryan,Watson,ryan.watson@movies.com
404,Robert,Carr,robert.carr@movies.com
405,Liam,Gray,liam.gray@movies.com
406,Isaac,Ross,isaac.ross@movies.com
407,Richard,Skinner,richard.skinner@movies.com
408,Tim,Wilkins,tim.wilkins@movies.com
409,Lisa,Skinner,lisa.skinner@movies.com
410,Tim,Payne,tim.payne@movies.com
411,Dan,Mackenzie,dan.mackenzie@movies.com
412,Nathan,Hunter,nathan.hunter@movies.com
413,Connor,Randall,connor.randall@movies.com
414,Evan,Ball,evan.ball@movies.com
415,Angela,Piper,angela.piper@movies.com
416,Keith,Davies,keith.davies@movies.com
417,Luke,May,luke.may@movies.com
418,Joe,Poole,joe.poole@movies.com
419,Lily,Randall,lily.randall@movies.com
420,Jan,Brown,jan.brown@movies.com
421,Claire,Paterson,claire.paterson@movies.com
422,Isaac,Lewis,isaac.lewis@movies.com
423,Carolyn,Mathis,carolyn.mathis@movies.com
424,Claire,Jones,claire.jones@movies.com
425,Amanda,Parr,amanda.parr@movies.com
426,Blake,Mackay,blake.mackay@movies.com
427,Lucas,Underwood,lucas.underwood@movies.com
428,Anthony,Brown,anthony.brown@movies.com
429,Matt,Metcalfe,matt.metcalfe@movies.com
430,Owen,Taylor,owen.taylor@movies.com
431,Donna,Butler,donna.butler@movies.com
432,Lillian,Underwood,lillian.underwood@movies.com
433,Joanne,Jackson,joanne.jackson@movies.com
434,Neil,Edmunds,neil.edmunds@movies.com
435,Wendy,Fraser,wendy.fraser@movies.com
436,Colin,Fraser,colin.fraser@movies.com
437,Caroline,Vaughan,caroline.vaughan@movies.com
438,Jasmine,Carr,jasmine.carr@movies.com
439,Jasmine,Stewart,jasmine.stewart@movies.com
440,Yvonne,Sutherland,yvonne.sutherland@movies.com
441,Adrian,Lee,adrian.lee@movies.com
442,Rachel,Poole,rachel.poole@movies.com
443,Justin,Short,justin.short@movies.com
444,David,Wallace,david.wallace@movies.com
445,Yvonne,Cameron,yvonne.cameron@movies.com
446,Carolyn,Bond,carolyn.bond@movies.com
447,Richard,Sutherland,richard.sutherland@movies.com
448,Richard,Hudson,richard.hudson@movies.com
449,Piers,Howard,piers.howard@movies.com
450,Claire,Blake,claire.blake@movies.com
451,Jennifer,Carr,jennifer.carr@movies.com
452,Maria,Wilkins,maria.wilkins@movies.com
453,Zoe,James,zoe.james@movies.com
454,Dorothy,Cornish,dorothy.cornish@movies.com
455,Edward,Morgan,edward.morgan@movies.com
456,Dominic,Bailey,dominic.bailey@movies.com
457,Isaac,Piper,isaac.piper@movies.com
458,Blake,Rutherford,blake.rutherford@movies.com
459,Leah,Rampling,leah.rampling@movies.com
460,Ava,Fraser,ava.fraser@movies.com
461,Lisa,Scott,lisa.scott@movies.com
462,Dorothy,Powell,dorothy.powell@movies.com
463,David,Langdon,david.langdon@movies.com
464,Carl,Ross,carl.ross@movies.com
465,Sue,Hart,sue.hart@movies.com
466,Victor,Sutherland,victor.sutherland@movies.com
467,Julian,Fraser,julian.fraser@movies.com
468,Sophie,Morgan,sophie.morgan@movies.com
469,Emily,Harris,emily.harris@movies.com
470,Alexandra,Gill,alexandra.gill@movies.com
471,Joseph,Oliver,joseph.oliver@movies.com
472,Eric,Churchill,eric.churchill@movies.com
473,Anna,Robertson,anna.robertson@movies.com
474,Diana,Greene,diana.greene@movies.com
475,David,Taylor,david.taylor@movies.com
476,Pippa,Cornish,pippa.cornish@movies.com
477,Diane,Jones,diane.jones@movies.com
478,Yvonne,Coleman,yvonne.coleman@movies.com
479,Virginia,Randall,virginia.randall@movies.com
480,Brandon,Smith,brandon.smith@movies.com
481,Gavin,Ross,gavin.ross@movies.com
482,Stephanie,Nolan,stephanie.nolan@movies.com
483,Jack,Terry,jack.terry@movies.com
484,Austin,Blake,austin.blake@movies.com
485,Oliver,Lewis,oliver.lewis@movies.com
486,Theresa,Alsop,theresa.alsop@movies.com
487,Stephen,Buckland,stephen.buckland@movies.com
488,Anne,Dickens,anne.dickens@movies.com
489,Ruth,Ross,ruth.ross@movies.com
490,Nicholas,Ince,nicholas.ince@movies.com
491,Virginia,Butler,virginia.butler@movies.com
492,Trevor,Reid,trevor.reid@movies.com
493,Max,Hughes,max.hughes@movies.com
494,Cameron,Churchill,cameron.churchill@movies.com
495,Rachel,Kerr,rachel.kerr@movies.com
496,Evan,Payne,evan.payne@movies.com
497,Adam,Kerr,adam.kerr@movies.com
498,Angela,Ogden,angela.ogden@movies.com
499,Lauren,Manning,lauren.manning@movies.com
500,Phil,Mitchell,phil.mitchell@movies.com
501,Brandon,Underwood,brandon.underwood@movies.com
502,Ian,Edmunds,ian.edmunds@movies.com
503,Jake,Fraser,jake.fraser@movies.com
504,Stewart,Kelly,stewart.kelly@movies.com
505,Irene,Bond,irene.bond@movies.com
506,Ella,Langdon,ella.langdon@movies.com
507,Diana,Mitchell,diana.mitchell@movies.com
508,Robert,Hardacre,robert.hardacre@movies.com
509,Sam,Hill,sam.hill@movies.com
510,Una,Newman,una.newman@movies.com
511,Sean,Langdon,sean.langdon@movies.com
512,Maria,Parsons,maria.parsons@movies.com
513,Theresa,Graham,theresa.graham@movies.com
514,Amelia,Kerr,amelia.kerr@movies.com
515,Natalie,Wallace,natalie.wallace@movies.com
516,Maria,Metcalfe,maria.metcalfe@movies.com
517,Matt,Underwood,matt.underwood@movies.com
518,Dan,Alsop,dan.alsop@movies.com
519,Jacob,Piper,jacob.piper@movies.com
520,David,Hart,david.hart@movies.com
521,Brian,Graham,brian.graham@movies.com
522,Amelia,Clark,amelia.clark@movies.com
523,Wanda,Peters,wanda.peters@movies.com
524,Mary,Jackson,mary.jackson@movies.com
525,Alan,Gibson,alan.gibson@movies.com
526,Liam,Scott,liam.scott@movies.com
527,Luke,Avery,luke.avery@movies.com
528,Chloe,Kerr,chloe.kerr@movies.com
529,Evan,McDonald,evan.mcdonald@movies.com
530,Jan,Roberts,jan.roberts@movies.com
531,Phil,Carr,phil.carr@movies.com
532,Lillian,Piper,lillian.piper@movies.com
533,Luke,Arnold,luke.arnold@movies.com
534,Dominic,Rees,dominic.rees@movies.com
535,Michael,King,michael.king@movies.com
536,Diane,Peake,diane.peake@movies.com
537,Isaac,Henderson,isaac.henderson@movies.com
538,Anthony,Harris,anthony.harris@movies.com
539,Ryan,Davidson,ryan.davidson@movies.com
540,Dominic,Glover,dominic.glover@movies.com
541,Carol,Black,carol.black@movies.com
542,Lily,Parr,lily.parr@movies.com
543,Sonia,Young,sonia.young@movies.com
544,Owen,Morgan,owen.morgan@movies.com
545,Molly,Thomson,molly.thomson@movies.com
546,Isaac,Black,isaac.black@movies.com
547,Thomas,Springer,thomas.springer@movies.com
548,Amelia,Simpson,amelia.simpson@movies.com
549,Una,Piper,una.piper@movies.com
550,Adrian,MacLeod,adrian.macleod@movies.com
551,Jack,Ince,jack.ince@movies.com
552,Amy,Hamilton,amy.hamilton@movies.com
553,Emma,Walker,emma.walker@movies.com
554,Leonard,Rampling,leonard.rampling@movies.com
555,Luke,Tucker,luke.tucker@movies.com
556,Samantha,Hughes,samantha.hughes@movies.com
557,Irene,Murray,irene.murray@movies.com
558,Sean,Paterson,sean.paterson@movies.com
559,Adam,Morrison,adam.morrison@movies.com
560,Kimberly,Ferguson,kimberly.ferguson@movies.com
561,Jason,Underwood,jason.underwood@movies.com
562,Christopher,Young,christopher.young@movies.com
563,Irene,Greene,irene.greene@movies.com
564,Alexandra,Graham,alexandra.graham@movies.com
565,Jasmine,Piper,jasmine.piper@movies.com
566,Donna,Watson,donna.watson@movies.com
567,Sarah,Bell,sarah.bell@movies.com
568,Blake,McDonald,blake.mcdonald@movies.com
569,Faith,Mills,faith.mills@movies.com
570,Isaac,Mills,isaac.mills@movies.com
571,Bella,Greene,bella.greene@movies.com
572,Joshua,Kerr,joshua.kerr@movies.com
573,Karen,Wilson,karen.wilson@movies.com
574,Pippa,Allan,pippa.allan@movies.com
575,Ella,Butler,ella.butler@movies.com
576,Wanda,Payne,wanda.payne@movies.com
577,Madeleine,McGrath,madeleine.mcgrath@movies.com
578,Gavin,Wright,gavin.wright@movies.com
579,Leonard,Rutherford,leonard.rutherford@movies.com
580,Colin,Payne,colin.payne@movies.com
581,Irene,Allan,irene.allan@movies.com
582,Lily,Thomson,lily.thomson@movies.com
583,Simon,Vaughan,simon.vaughan@movies.com
584,Rose,Nash,rose.nash@movies.com
585,Owen,Hemmings,owen.hemmings@movies.com
586,Tracey,Piper,tracey.piper@movies.com
587,Jessica,Allan,jessica.allan@movies.com
588,Jacob,Martin,jacob.martin@movies.com
589,Fiona,Lee,fiona.lee@movies.com
590,Jonathan,Hart,jonathan.hart@movies.com
591,Jessica,Duncan,jessica.duncan@movies.com
592,Angela,Walker,angela.walker@movies.com
593,Carl,Kelly,carl.kelly@movies.com
594,Christopher,Davidson,christopher.davidson@movies.com
595,Bella,Lee,bella.lee@movies.com
596,Sophie,Hudson,sophie.hudson@movies.com
597,Stephen,Lawrence,stephen.lawrence@movies.com
598,John,Wilson,john.wilson@movies.com
599,Jason,Cornish,jason.cornish@movies.com
600,Max,Grant,max.grant@movies.com
601,Rebecca,James,rebecca.james@movies.com
602,Jason,Roberts,jason.roberts@movies.com
603,Ian,Langdon,ian.langdon@movies.com
604,Jonathan,May,jonathan.may@movies.com
605,Adam,Ferguson,adam.ferguson@movies.com
606,Richard,Oliver,richard.oliver@movies.com
607,Jake,Hudson,jake.hudson@movies.com
608,Steven,Knox,steven.knox@movies.com
609,Amy,McDonald,amy.mcdonald@movies.com
610,Rebecca,Cornish,rebecca.cornish@movies.com
